{
  "results": [
    {
      "command": "F# cold-start",
      "mean": 0.06090565204,
      "stddev": 0.002152952022555381,
      "median": 0.06069708794,
      "user": 0.0447433,
      "system": 0.01243682,
      "min": 0.058088045440000007,
      "max": 0.06617817044,
      "times": [
        0.05955646244,
        0.06238137944000001,
        0.060966879439999996,
        0.06113583744000001,
        0.05903646244000001,
        0.06158662944,
        0.06042729644,
        0.058720379440000005,
        0.058088045440000007,
        0.059206628440000006,
        0.05891992044,
        0.05934858744,
        0.058703837440000003,
        0.061299837440000005,
        0.06397429644000001,
        0.059916795440000004,
        0.06151108744,
        0.06347646244,
        0.06617817044,
        0.06367804544
      ],
      "memory_usage_byte": [
        49594368,
        49692672,
        49692672,
        49692672,
        49692672,
        49692672,
        49692672,
        49692672,
        49692672,
        49692672,
        49692672,
        49692672,
        49692672,
        49709056,
        49709056,
        49709056,
        49709056,
        49709056,
        49709056,
        49741824
      ],
      "exit_codes": [
        0,
        0,
        0,
        0,
        0,
        0,
        0,
        0,
        0,
        0,
        0,
        0,
        0,
        0,
        0,
        0,
        0,
        0,
        0,
        0
      ]
    },
    {
      "command": "F# roundtrip",
      "mean": 0.06480500609,
      "stddev": 0.0031943978291852446,
      "median": 0.06408389994,
      "user": 0.04728974999999999,
      "system": 0.013272219999999998,
      "min": 0.06107229544000001,
      "max": 0.07375121244,
      "times": [
        0.06349950444,
        0.06557796244,
        0.06416683744,
        0.07181654544,
        0.06358346244,
        0.06363696244,
        0.06675200344,
        0.07375121244,
        0.06536471244,
        0.06217121244,
        0.061332003440000005,
        0.06486783744,
        0.06165850444,
        0.06107229544000001,
        0.06238171244,
        0.06492071244,
        0.06563017044000001,
        0.06338971244000001,
        0.06652579544000001,
        0.06400096244
      ],
      "memory_usage_byte": [
        51429376,
        51429376,
        51429376,
        51494912,
        51494912,
        51494912,
        51494912,
        51494912,
        51494912,
        51494912,
        51494912,
        51494912,
        51494912,
        51494912,
        51494912,
        51494912,
        51494912,
        51494912,
        51494912,
        51494912
      ],
      "exit_codes": [
        0,
        0,
        0,
        0,
        0,
        0,
        0,
        0,
        0,
        0,
        0,
        0,
        0,
        0,
        0,
        0,
        0,
        0,
        0,
        0
      ]
    },
    {
      "command": "F# throughput-100",
      "mean": 0.08198918539000001,
      "stddev": 0.003285355634558168,
      "median": 0.08190623394,
      "user": 0.06485545000000001,
      "system": 0.01321512,
      "min": 0.07636946244000001,
      "max": 0.08767792044,
      "times": [
        0.08068971244,
        0.07809008744000001,
        0.07722375344,
        0.07636946244000001,
        0.08178579644,
        0.08557542144000001,
        0.07917987944,
        0.08014542144,
        0.08015654544,
        0.07849425444000001,
        0.08501246244,
        0.08463192044000001,
        0.08082125444,
        0.08240171244000001,
        0.08202667144,
        0.08615017044,
        0.08767792044,
        0.08362725344000001,
        0.08681179544,
        0.08291221244000001
      ],
      "memory_usage_byte": [
        51494912,
        51494912,
        51494912,
        51494912,
        51494912,
        51494912,
        51494912,
        51494912,
        51494912,
        51494912,
        51494912,
        51494912,
        51494912,
        51494912,
        51494912,
        51494912,
        51494912,
        51494912,
        51494912,
        51494912
      ],
      "exit_codes": [
        0,
        0,
        0,
        0,
        0,
        0,
        0,
        0,
        0,
        0,
        0,
        0,
        0,
        0,
        0,
        0,
        0,
        0,
        0,
        0
      ]
    },
    {
      "command": "F# throughput-1000",
      "mean": 0.08637917073999998,
      "stddev": 0.002444320181281498,
      "median": 0.08657804594000001,
      "user": 0.06903845,
      "system": 0.013398119999999996,
      "min": 0.08219675444,
      "max": 0.09138425444,
      "times": [
        0.08634012944000001,
        0.08410092044,
        0.08219675444,
        0.08420379644,
        0.08875317044,
        0.08432646244,
        0.08418746244,
        0.08705404544,
        0.09138425444,
        0.08681596244,
        0.09012075344,
        0.08509292044000001,
        0.08688079544,
        0.08537487944000001,
        0.08827208744000001,
        0.08432883744,
        0.08408283744,
        0.08683746244,
        0.08694600344,
        0.09028387944
      ],
      "memory_usage_byte": [
        54493184,
        54493184,
        54493184,
        54493184,
        54493184,
        54493184,
        54493184,
        54493184,
        54493184,
        54493184,
        54493184,
        54493184,
        54493184,
        54493184,
        54493184,
        54493184,
        54493184,
        54493184,
        54493184,
        54493184
      ],
      "exit_codes": [
        0,
        0,
        0,
        0,
        0,
        0,
        0,
        0,
        0,
        0,
        0,
        0,
        0,
        0,
        0,
        0,
        0,
        0,
        0,
        0
      ]
    },
    {
      "command": "F# codec-1000",
      "mean": 0.08946793329,
      "stddev": 0.004571031972760202,
      "median": 0.08762581694,
      "user": 0.07160245000000003,
      "system": 0.013410719999999998,
      "min": 0.08585467044,
      "max": 0.10530737844,
      "times": [
        0.08731908744,
        0.10530737844,
        0.09627950444000001,
        0.09108167044,
        0.08736717144,
        0.09157375444,
        0.09206767144,
        0.09054983744,
        0.08585467044,
        0.08633792044000001,
        0.08732083744000001,
        0.08816112944,
        0.08994896244,
        0.08653837944000001,
        0.08957558744,
        0.08700883744,
        0.08609529544000001,
        0.08788446244,
        0.08596192044,
        0.08712458744
      ],
      "memory_usage_byte": [
        56983552,
        56983552,
        56983552,
        56983552,
        56983552,
        56983552,
        56983552,
        56983552,
        56983552,
        56983552,
        56983552,
        56983552,
        56983552,
        56983552,
        56983552,
        56983552,
        56983552,
        56983552,
        56983552,
        56983552
      ],
      "exit_codes": [
        0,
        0,
        0,
        0,
        0,
        0,
        0,
        0,
        0,
        0,
        0,
        0,
        0,
        0,
        0,
        0,
        0,
        0,
        0,
        0
      ]
    },
    {
      "command": "F# codec-10000",
      "mean": 0.14454122494000002,
      "stddev": 0.00362395755878321,
      "median": 0.14324614994,
      "user": 0.12622679999999997,
      "system": 0.01445332,
      "min": 0.14005046244,
      "max": 0.15389308744000002,